x	avgy	stddevp	stddevpp	y1	y2	y3	y4	y5
0	0.991969912020631	0.00549689619702562	0.554139407900844	0.995814089707788	0.988519481089764	0.998666698906318	0.983208738037464	0.993640552361822
0.314159265358979	0.922382724626288	0.0152642761298436	1.65487445962608	0.945577702424797	0.924711832964656	0.899921559534046	0.913355791865628	0.928346736342315
0.628318530717959	0.750768966973236	0.0452291677872577	6.024378973681	0.807990108569196	0.719949008796054	0.679938323592476	0.772602430602335	0.77336496330612
0.942477796076938	0.48599593720394	0.0688207851178087	14.1607737533265	0.420837494760137	0.548536371007162	0.448008122351913	0.587714705241178	0.424882992659309
1.88495559215388	-0.40435076109787	0.0612129992625024	15.1385888569371	-0.451846249140149	-0.451750414701006	-0.330648502888947	-0.459237201983451	-0.328271436775799
2.04203522483337	-0.519253494294154	0.0409455931640726	7.88547282088718	-0.580351524887081	-0.494631494369652	-0.541163847680707	-0.459573032233576	-0.520547572299752
